<?xml version="1.0" encoding="UTF-8"?>
<project-private xmlns="http://www.netbeans.org/ns/project-private/1">
    <editor-bookmarks xmlns="http://www.netbeans.org/ns/editor-bookmarks/2" lastBookmarkId="0"/>
    <open-files xmlns="http://www.netbeans.org/ns/projectui-open-files/2">
        <group>
            <file>file:/C:/Users/Acer/OneDrive/Documents/NetBeansProjects/OOP_DataBase/src/oop_database/OPTION.java</file>
            <file>file:/C:/Users/Acer/OneDrive/Documents/NetBeansProjects/OOP_DataBase/src/oop_database/Iborroweddetails.java</file>
            <file>file:/C:/Users/Acer/OneDrive/Documents/NetBeansProjects/OOP_DataBase/src/oop_database/LIB2.java</file>
            <file>file:/C:/Users/Acer/OneDrive/Documents/NetBeansProjects/OOP_DataBase/src/oop_database/listofinstructors.java</file>
            <file>file:/C:/Users/Acer/OneDrive/Documents/NetBeansProjects/OOP_DataBase/src/oop_database/MyLibrary2.java</file>
        </group>
    </open-files>
</project-private>
